model,rougeL,bleu,bertscore
Bio-8B-it,0.05109686458261117,0.007566157806034741,0.7514389413595199
Qwen2.5-7B,0.25236804860325346,0.07813420327702739,0.8815639001131058
Qwen2.5-7B + FT,0.4280395318258614,0.21888109632202507,0.9259809613227844
